[{"pk": 1, "model": "auth.permission", "fields": {"codename": "add_permission", "name": "Can add permission", "content_type": 1}}, {"pk": 2, "model": "auth.permission", "fields": {"codename": "change_permission", "name": "Can change permission", "content_type": 1}}, {"pk": 3, "model": "auth.permission", "fields": {"codename": "delete_permission", "name": "Can delete permission", "content_type": 1}}, {"pk": 4, "model": "auth.permission", "fields": {"codename": "add_group", "name": "Can add group", "content_type": 2}}, {"pk": 5, "model": "auth.permission", "fields": {"codename": "change_group", "name": "Can change group", "content_type": 2}}, {"pk": 6, "model": "auth.permission", "fields": {"codename": "delete_group", "name": "Can delete group", "content_type": 2}}, {"pk": 7, "model": "auth.permission", "fields": {"codename": "add_user", "name": "Can add user", "content_type": 3}}, {"pk": 8, "model": "auth.permission", "fields": {"codename": "change_user", "name": "Can change user", "content_type": 3}}, {"pk": 9, "model": "auth.permission", "fields": {"codename": "delete_user", "name": "Can delete user", "content_type": 3}}, {"pk": 10, "model": "auth.permission", "fields": {"codename": "add_contenttype", "name": "Can add content type", "content_type": 4}}, {"pk": 11, "model": "auth.permission", "fields": {"codename": "change_contenttype", "name": "Can change content type", "content_type": 4}}, {"pk": 12, "model": "auth.permission", "fields": {"codename": "delete_contenttype", "name": "Can delete content type", "content_type": 4}}, {"pk": 13, "model": "auth.permission", "fields": {"codename": "add_session", "name": "Can add session", "content_type": 5}}, {"pk": 14, "model": "auth.permission", "fields": {"codename": "change_session", "name": "Can change session", "content_type": 5}}, {"pk": 15, "model": "auth.permission", "fields": {"codename": "delete_session", "name": "Can delete session", "content_type": 5}}, {"pk": 16, "model": "auth.permission", "fields": {"codename": "add_site", "name": "Can add site", "content_type": 6}}, {"pk": 17, "model": "auth.permission", "fields": {"codename": "change_site", "name": "Can change site", "content_type": 6}}, {"pk": 18, "model": "auth.permission", "fields": {"codename": "delete_site", "name": "Can delete site", "content_type": 6}}, {"pk": 19, "model": "auth.permission", "fields": {"codename": "add_member", "name": "Can add member", "content_type": 7}}, {"pk": 20, "model": "auth.permission", "fields": {"codename": "change_member", "name": "Can change member", "content_type": 7}}, {"pk": 21, "model": "auth.permission", "fields": {"codename": "delete_member", "name": "Can delete member", "content_type": 7}}, {"pk": 22, "model": "auth.permission", "fields": {"codename": "add_membershiptype", "name": "Can add membership type", "content_type": 8}}, {"pk": 23, "model": "auth.permission", "fields": {"codename": "change_membershiptype", "name": "Can change membership type", "content_type": 8}}, {"pk": 24, "model": "auth.permission", "fields": {"codename": "delete_membershiptype", "name": "Can delete membership type", "content_type": 8}}, {"pk": 25, "model": "auth.permission", "fields": {"codename": "add_membership", "name": "Can add membership", "content_type": 9}}, {"pk": 26, "model": "auth.permission", "fields": {"codename": "change_membership", "name": "Can change membership", "content_type": 9}}, {"pk": 27, "model": "auth.permission", "fields": {"codename": "delete_membership", "name": "Can delete membership", "content_type": 9}}, {"pk": 28, "model": "auth.permission", "fields": {"codename": "add_program", "name": "Can add program", "content_type": 10}}, {"pk": 29, "model": "auth.permission", "fields": {"codename": "change_program", "name": "Can change program", "content_type": 10}}, {"pk": 30, "model": "auth.permission", "fields": {"codename": "delete_program", "name": "Can delete program", "content_type": 10}}, {"pk": 31, "model": "auth.permission", "fields": {"codename": "add_recurrence", "name": "Can add recurrence", "content_type": 11}}, {"pk": 32, "model": "auth.permission", "fields": {"codename": "change_recurrence", "name": "Can change recurrence", "content_type": 11}}, {"pk": 33, "model": "auth.permission", "fields": {"codename": "delete_recurrence", "name": "Can delete recurrence", "content_type": 11}}, {"pk": 34, "model": "auth.permission", "fields": {"codename": "add_eventtype", "name": "Can add event type", "content_type": 12}}, {"pk": 35, "model": "auth.permission", "fields": {"codename": "change_eventtype", "name": "Can change event type", "content_type": 12}}, {"pk": 36, "model": "auth.permission", "fields": {"codename": "delete_eventtype", "name": "Can delete event type", "content_type": 12}}, {"pk": 37, "model": "auth.permission", "fields": {"codename": "add_event", "name": "Can add event", "content_type": 13}}, {"pk": 38, "model": "auth.permission", "fields": {"codename": "change_event", "name": "Can change event", "content_type": 13}}, {"pk": 39, "model": "auth.permission", "fields": {"codename": "delete_event", "name": "Can delete event", "content_type": 13}}, {"pk": 40, "model": "auth.permission", "fields": {"codename": "add_attendance", "name": "Can add attendance", "content_type": 14}}, {"pk": 41, "model": "auth.permission", "fields": {"codename": "change_attendance", "name": "Can change attendance", "content_type": 14}}, {"pk": 42, "model": "auth.permission", "fields": {"codename": "delete_attendance", "name": "Can delete attendance", "content_type": 14}}, {"pk": 1, "model": "auth.user", "fields": {"username": "rashar", "first_name": "", "last_name": "", "is_active": true, "is_superuser": false, "is_staff": false, "last_login": "2013-12-07T02:39:30.748Z", "groups": [], "user_permissions": [], "password": "pbkdf2_sha256$10000$wS06IsFxaAhi$iXvctahqLyapC329FnzDnHa+j1m5NAEolZvM1mVYHIc=", "email": "rauhit@ashar.com", "date_joined": "2013-12-06T10:09:38.927Z"}}, {"pk": 2, "model": "auth.user", "fields": {"username": "alicet", "first_name": "", "last_name": "", "is_active": true, "is_superuser": false, "is_staff": false, "last_login": "2013-12-06T19:28:05.746Z", "groups": [], "user_permissions": [], "password": "pbkdf2_sha256$10000$SsqzOKWvUcHF$tROJD2SiN8M108IkFxZqUlyFT8DEFvuO4t2G6FewRhc=", "email": "alice@tsai.net", "date_joined": "2013-12-06T10:10:40.916Z"}}, {"pk": 3, "model": "auth.user", "fields": {"username": "laurynb", "first_name": "", "last_name": "", "is_active": true, "is_superuser": false, "is_staff": false, "last_login": "2013-12-06T10:11:11.526Z", "groups": [], "user_permissions": [], "password": "pbkdf2_sha256$10000$asbNeE7HpHjt$w6+YmFUarDhsypyzVmYVUFGnch4sSCgX37ZMkhmuyPg=", "email": "lauryn@brown.com", "date_joined": "2013-12-06T10:11:11.146Z"}}, {"pk": 4, "model": "auth.user", "fields": {"username": "jdoe", "first_name": "", "last_name": "", "is_active": true, "is_superuser": false, "is_staff": false, "last_login": "2013-12-06T10:11:35.556Z", "groups": [], "user_permissions": [], "password": "pbkdf2_sha256$10000$LwnavmLyYKcQ$H1HHcp0ZTYDNmZvanvNxf5Vvf6pDihAuEV5f74QXzWQ=", "email": "john@doe.com", "date_joined": "2013-12-06T10:11:35.185Z"}}, {"pk": 5, "model": "auth.user", "fields": {"username": "jsmith", "first_name": "", "last_name": "", "is_active": true, "is_superuser": false, "is_staff": false, "last_login": "2013-12-06T10:12:03.886Z", "groups": [], "user_permissions": [], "password": "pbkdf2_sha256$10000$KUDbD0urPfOp$5XWQI2PUmn+OIb1jdgneUsNQJGUZ+96xbI5GCJJsls4=", "email": "jane@smith.com", "date_joined": "2013-12-06T10:12:03.520Z"}}, {"pk": 6, "model": "auth.user", "fields": {"username": "hbovik", "first_name": "", "last_name": "", "is_active": true, "is_superuser": false, "is_staff": false, "last_login": "2013-12-06T10:12:43.534Z", "groups": [], "user_permissions": [], "password": "pbkdf2_sha256$10000$2pL4Y3Wqhgzc$55HsLYrcLMgQrnsShYYOjX0xttX1QIlYYJpRuTRA3X8=", "email": "harry@bovik.com", "date_joined": "2013-12-06T10:12:43.167Z"}}, {"pk": 7, "model": "auth.user", "fields": {"username": "freddie", "first_name": "", "last_name": "", "is_active": true, "is_superuser": false, "is_staff": false, "last_login": "2013-12-07T01:57:40.633Z", "groups": [], "user_permissions": [], "password": "pbkdf2_sha256$10000$xckT14slpK7L$Vk8c6tG00oxuucjPeyy1W1YYCYJ6B7X8YY2UvWQBUzk=", "email": "asdf@asdf.asdf", "date_joined": "2013-12-07T01:57:40.240Z"}}, {"pk": 8, "model": "auth.user", "fields": {"username": "dbowie", "first_name": "", "last_name": "", "is_active": true, "is_superuser": false, "is_staff": false, "last_login": "2013-12-07T01:58:26.184Z", "groups": [], "user_permissions": [], "password": "pbkdf2_sha256$10000$XBTjDmAef5gH$1xgjkPtdByaehyNTwt72IYCjXrUYwCwMCd0d0ENWg4k=", "email": "asdf@asdf.asdf", "date_joined": "2013-12-07T01:58:25.795Z"}}, {"pk": 9, "model": "auth.user", "fields": {"username": "pjackson", "first_name": "", "last_name": "", "is_active": true, "is_superuser": false, "is_staff": false, "last_login": "2013-12-07T01:58:45.418Z", "groups": [], "user_permissions": [], "password": "pbkdf2_sha256$10000$E8Q3kyUjGjZE$FyUBfvOfQdBK7Ub88ugo2CjHVsKwMjUZbueSktYZzL0=", "email": "asdf@asdf.asdfa", "date_joined": "2013-12-07T01:58:45.041Z"}}, {"pk": 10, "model": "auth.user", "fields": {"username": "fbaggins", "first_name": "", "last_name": "", "is_active": true, "is_superuser": false, "is_staff": false, "last_login": "2013-12-07T02:01:03.280Z", "groups": [], "user_permissions": [], "password": "pbkdf2_sha256$10000$0m6OtwFVZtho$T232Dr0+TXouaQJMJvgkaCN7ZQgU1Uy8XxCV9pN0wy0=", "email": "asdf@asdf.asdfa", "date_joined": "2013-12-07T02:01:02.892Z"}}, {"pk": 11, "model": "auth.user", "fields": {"username": "sgamgee", "first_name": "", "last_name": "", "is_active": true, "is_superuser": false, "is_staff": false, "last_login": "2013-12-07T02:04:22.189Z", "groups": [], "user_permissions": [], "password": "pbkdf2_sha256$10000$3afglBqc2dCg$U6E+SO27yjhX2OAeIYCi7pzd+NhMlOPbGepGD6QLycc=", "email": "asdf@asdf.asdfa", "date_joined": "2013-12-07T02:04:21.814Z"}}, {"pk": 12, "model": "auth.user", "fields": {"username": "merry", "first_name": "", "last_name": "", "is_active": true, "is_superuser": false, "is_staff": false, "last_login": "2013-12-07T02:05:14.127Z", "groups": [], "user_permissions": [], "password": "pbkdf2_sha256$10000$Ej2CMv5p6HpS$XNPZ8a15nG3DXd86WXPJ8S79jn9kZ/R3Fwkw/BpkKGE=", "email": "asdf@asdf.asdfa", "date_joined": "2013-12-07T02:05:13.755Z"}}, {"pk": 13, "model": "auth.user", "fields": {"username": "pippin", "first_name": "", "last_name": "", "is_active": true, "is_superuser": false, "is_staff": false, "last_login": "2013-12-07T02:05:48.039Z", "groups": [], "user_permissions": [], "password": "pbkdf2_sha256$10000$W8IK5pmdsfxy$6x3kcoWUN2oZ5vXBcCaleNSzFSkZMTpdY2/A9Cdd+cw=", "email": "asdf@asdf.asdfa", "date_joined": "2013-12-07T02:05:47.634Z"}}, {"pk": 14, "model": "auth.user", "fields": {"username": "fatty", "first_name": "", "last_name": "", "is_active": true, "is_superuser": false, "is_staff": false, "last_login": "2013-12-07T02:06:58.087Z", "groups": [], "user_permissions": [], "password": "pbkdf2_sha256$10000$UNfooHh06M3D$qZ4xRKe+qayy8PGxq1q/GZN5ykHRdqbjWsU4v2iIvsI=", "email": "asdf@asdf.asdfa", "date_joined": "2013-12-07T02:06:57.697Z"}}, {"pk": 15, "model": "auth.user", "fields": {"username": "jjohnson", "first_name": "", "last_name": "", "is_active": true, "is_superuser": false, "is_staff": false, "last_login": "2013-12-07T02:08:23.921Z", "groups": [], "user_permissions": [], "password": "pbkdf2_sha256$10000$6tasJVt1V3nW$u1rx6aybeOlmvkAxpfj7f81ngHfOdYkj10mh/0cJkKs=", "email": "asdf@asdf.asdf", "date_joined": "2013-12-07T02:08:23.548Z"}}, {"pk": 16, "model": "auth.user", "fields": {"username": "jmayer", "first_name": "", "last_name": "", "is_active": true, "is_superuser": false, "is_staff": false, "last_login": "2013-12-07T02:08:53.415Z", "groups": [], "user_permissions": [], "password": "pbkdf2_sha256$10000$YTRyXNDYNWLj$2lDjD+IQ1Z8fiQ49cRj5CRXoaZp3vCBnkIcogNdZGNM=", "email": "asdf@asdf.asdfa", "date_joined": "2013-12-07T02:08:53.045Z"}}, {"pk": 17, "model": "auth.user", "fields": {"username": "luke", "first_name": "", "last_name": "", "is_active": true, "is_superuser": false, "is_staff": false, "last_login": "2013-12-07T02:09:54.235Z", "groups": [], "user_permissions": [], "password": "pbkdf2_sha256$10000$1Y0eMxKa2ARl$Y6TbGPwpdPsmhu3DvjLgxqGkmSq6p0eD/1R0tfRA6pc=", "email": "asdf@asdf.asdfa", "date_joined": "2013-12-07T02:09:53.856Z"}}, {"pk": 18, "model": "auth.user", "fields": {"username": "bbaggins", "first_name": "", "last_name": "", "is_active": true, "is_superuser": false, "is_staff": false, "last_login": "2013-12-07T02:11:23.681Z", "groups": [], "user_permissions": [], "password": "pbkdf2_sha256$10000$GFeA25hiccRn$r8XgMZu6rzNHNBxnW0BfFdYBltFw/XJbPApMLP7Z+V0=", "email": "asdf@asdf.asdfa", "date_joined": "2013-12-07T02:11:23.278Z"}}, {"pk": 19, "model": "auth.user", "fields": {"username": "hpotter", "first_name": "", "last_name": "", "is_active": true, "is_superuser": false, "is_staff": false, "last_login": "2013-12-07T02:12:37.193Z", "groups": [], "user_permissions": [], "password": "pbkdf2_sha256$10000$JTMMcNUtGgb1$1/4uoTX+OYtW9gvOk2cMBUeplt1859ygibaZK/kEFAw=", "email": "asdf@asdf.asdfa", "date_joined": "2013-12-07T02:12:36.816Z"}}, {"pk": 20, "model": "auth.user", "fields": {"username": "igadget", "first_name": "", "last_name": "", "is_active": true, "is_superuser": false, "is_staff": false, "last_login": "2013-12-07T02:13:16.688Z", "groups": [], "user_permissions": [], "password": "pbkdf2_sha256$10000$67uJfzkLR6FA$JpYFCjokbaQ9jSmgiy3rp1xsj1wjUqoZSzMcbpS2jXo=", "email": "asdf@asdf.asdf", "date_joined": "2013-12-07T02:13:16.315Z"}}, {"pk": 21, "model": "auth.user", "fields": {"username": "cgarrod", "first_name": "", "last_name": "", "is_active": true, "is_superuser": false, "is_staff": false, "last_login": "2013-12-07T02:39:20.182Z", "groups": [], "user_permissions": [], "password": "pbkdf2_sha256$10000$ChJbQUtAKPkx$R1RyxJ/OYWdh9ylaFwsIZlZCMNReH4ju3HGx94gyWHo=", "email": "charlie@garrod", "date_joined": "2013-12-07T02:39:19.807Z"}}, {"pk": "bh9w00ha2k6k3azbv75gz5p9k7im44fw", "model": "sessions.session", "fields": {"expire_date": "2013-12-20T10:16:54.462Z", "session_data": "M2I1NWMxZjJiY2YxMWY3OTgzMDYxZDQ0YzQxNDBhZmZmNGZhMjM4OTqAAn1xAVgKAAAAdGVzdGNvb2tpZXECWAYAAAB3b3JrZWRxA3Mu"}}, {"pk": "cl8hbyg69ryatb4qyxztr7lga4c5docg", "model": "sessions.session", "fields": {"expire_date": "2013-12-21T02:39:30.751Z", "session_data": "OGVkYjRhYzAwZDQyOWFmMzM5YTM5MTc2YzE5MDFmMDdjZDEwZDViOTqAAn1xAShVEl9hdXRoX3VzZXJfYmFja2VuZHECVSlkamFuZ28uY29udHJpYi5hdXRoLmJhY2tlbmRzLk1vZGVsQmFja2VuZHEDVQ1fYXV0aF91c2VyX2lkcQRLAXUu"}}, {"pk": 1, "model": "sites.site", "fields": {"domain": "example.com", "name": "example.com"}}, {"pk": 1, "model": "app.member", "fields": {"first_name": "Rauhit", "last_name": "Ashar", "creation_date": "2013-12-02", "phone": "1234567890", "birthday": "1995-10-21", "user": 1, "email": "Rauhit@Ashar.com", "staff": true}}, {"pk": 2, "model": "app.member", "fields": {"first_name": "Alice", "last_name": "Tsai", "creation_date": "2013-12-06", "phone": "1234123412", "birthday": "1991-10-29", "user": 2, "email": "Alice@Tsai.com", "staff": false}}, {"pk": 3, "model": "app.member", "fields": {"first_name": "Lauryn", "last_name": "Brown", "creation_date": "2013-10-22", "phone": "5435437645", "birthday": "1992-03-10", "user": 3, "email": "Lauryn@Brown.com", "staff": false}}, {"pk": 4, "model": "app.member", "fields": {"first_name": "John", "last_name": "Doe", "creation_date": "2013-10-22", "phone": "2345234523", "birthday": "1983-03-31", "user": 4, "email": "John@Doe.com", "staff": false}}, {"pk": 5, "model": "app.member", "fields": {"first_name": "Jane", "last_name": "Smith", "creation_date": "2013-11-29", "phone": "9847432123", "birthday": "1967-04-02", "user": 5, "email": "Jane@Smith.com", "staff": false}}, {"pk": 6, "model": "app.member", "fields": {"first_name": "Harry", "last_name": "Bovik", "creation_date": "2013-11-26", "phone": "6789123490", "birthday": "1989-08-09", "user": 6, "email": "Harry@Bovik.com", "staff": false}}, {"pk": 7, "model": "app.member", "fields": {"first_name": "Freddie", "last_name": "Mercury", "creation_date": "2013-11-15", "phone": "1234789012", "birthday": "1941-09-05", "user": 7, "email": "Freddie@Mercury.com", "staff": false}}, {"pk": 8, "model": "app.member", "fields": {"first_name": "David", "last_name": "Bowie", "creation_date": "2013-10-19", "phone": "7890789012", "birthday": "0006-08-07", "user": 8, "email": "David@Bowie.com", "staff": false}}, {"pk": 9, "model": "app.member", "fields": {"first_name": "Peter", "last_name": "Jackson", "creation_date": "2013-11-12", "phone": "1234123412", "birthday": "0004-03-03", "user": 9, "email": "Peter@Jackson.com", "staff": false}}, {"pk": 10, "model": "app.member", "fields": {"first_name": "Frodo", "last_name": "Baggins", "creation_date": "2013-10-21", "phone": "1234123412", "birthday": "0003-01-02", "user": 10, "email": "Frodo@Baggins.com", "staff": false}}, {"pk": 11, "model": "app.member", "fields": {"first_name": "Samwise", "last_name": "Gamgee", "creation_date": "2013-11-12", "phone": "7890789078", "birthday": "0003-01-02", "user": 11, "email": "Samwise@Gamgee.com", "staff": false}}, {"pk": 12, "model": "app.member", "fields": {"first_name": "Meriadoc", "last_name": "Brandybuck", "creation_date": "2013-11-21", "phone": "1234123412", "birthday": "0003-01-02", "user": 12, "email": "Meriadoc@Brandybuck.com", "staff": false}}, {"pk": 13, "model": "app.member", "fields": {"first_name": "Peregrin", "last_name": "Took", "creation_date": "2013-11-09", "phone": "7890123423", "birthday": "0003-01-02", "user": 13, "email": "Peregrin@Took.com", "staff": false}}, {"pk": 14, "model": "app.member", "fields": {"first_name": "Fredigar ", "last_name": "Bolger", "creation_date": "2013-10-27", "phone": "1234567890", "birthday": "0003-01-02", "user": 14, "email": "Fredigar @Bolger.com", "staff": false}}, {"pk": 15, "model": "app.member", "fields": {"first_name": "Jack", "last_name": "Johnson", "creation_date": "2013-11-08", "phone": "1234123412", "birthday": "0003-01-02", "user": 15, "email": "Jack@Johnson.com", "staff": false}}, {"pk": 16, "model": "app.member", "fields": {"first_name": "John", "last_name": "Mayer", "creation_date": "2013-12-04", "phone": "1234432143", "birthday": "0003-01-02", "user": 16, "email": "John@Mayer.com", "staff": false}}, {"pk": 17, "model": "app.member", "fields": {"first_name": "Luke", "last_name": "Skywalker", "creation_date": "2013-10-28", "phone": "1234456778", "birthday": "0003-01-02", "user": 17, "email": "Luke@Skywalker.com", "staff": false}}, {"pk": 18, "model": "app.member", "fields": {"first_name": "Bilbo", "last_name": "Baggins", "creation_date": "2013-11-08", "phone": "1234123412", "birthday": "0003-01-02", "user": 18, "email": "Bilbo@Baggins.com", "staff": false}}, {"pk": 19, "model": "app.member", "fields": {"first_name": "Harry", "last_name": "Potter", "creation_date": "2013-10-30", "phone": "3456345634", "birthday": "0003-01-02", "user": 19, "email": "Harry@Potter.com", "staff": false}}, {"pk": 20, "model": "app.member", "fields": {"first_name": "Inspector", "last_name": "Gadget", "creation_date": "2013-11-27", "phone": "2345234523", "birthday": "0003-01-02", "user": 20, "email": "Inspector@Gadget.com", "staff": false}}, {"pk": 21, "model": "app.member", "fields": {"first_name": "Charlie", "last_name": "Garrod", "creation_date": "2013-12-06", "phone": "4125346324", "birthday": "0003-01-02", "user": 21, "email": "charlie@garrod", "staff": false}}, {"pk": 1, "model": "app.membershiptype", "fields": {"default_price": 99, "allowed_freq": 4, "visible": true, "name": "Basic Guitar", "description": "1/week Guitar Lessons"}}, {"pk": 2, "model": "app.membershiptype", "fields": {"default_price": 99, "allowed_freq": 4, "visible": true, "name": "Basic Bass", "description": "One Bass Lesson a week."}}, {"pk": 3, "model": "app.membershiptype", "fields": {"default_price": 109, "allowed_freq": 4, "visible": true, "name": "Basic Voice", "description": "One Voice Lesson a week."}}, {"pk": 4, "model": "app.membershiptype", "fields": {"default_price": 109, "allowed_freq": 4, "visible": true, "name": "Basic Keyboards", "description": "One Piano Lesson a week."}}, {"pk": 5, "model": "app.membershiptype", "fields": {"default_price": 89, "allowed_freq": 4, "visible": true, "name": "Basic Drums", "description": "One Drum Lesson a week."}}, {"pk": 6, "model": "app.membershiptype", "fields": {"default_price": 99, "allowed_freq": 12, "visible": true, "name": "Basic Music Tech", "description": "Three group Music Tech Classes a week"}}, {"pk": 7, "model": "app.membershiptype", "fields": {"default_price": 199, "allowed_freq": 8, "visible": true, "name": "Premium Rock Package", "description": "Your choice of two Guitar, Bass, Voice or Drum Lessons per week."}}, {"pk": 8, "model": "app.membershiptype", "fields": {"default_price": 219, "allowed_freq": 16, "visible": true, "name": "Music Theory", "description": "Three group Music Tech Classes + One Keyboards Lesson  a week"}}, {"pk": 9, "model": "app.membershiptype", "fields": {"default_price": 69, "allowed_freq": 4, "visible": true, "name": "Basic Band Practice", "description": "1/week Band Practice"}}, {"pk": 1, "model": "app.membership", "fields": {"price": "99", "cancelled_date": null, "creation_date": "2013-12-06", "member": 4, "exp_date": null, "mem_type": 1, "cancelled": false}}, {"pk": 2, "model": "app.membership", "fields": {"price": "109", "cancelled_date": null, "creation_date": "2013-12-06", "member": 3, "exp_date": null, "mem_type": 4, "cancelled": false}}, {"pk": 3, "model": "app.membership", "fields": {"price": "199", "cancelled_date": null, "creation_date": "2013-12-06", "member": 5, "exp_date": null, "mem_type": 7, "cancelled": false}}, {"pk": 4, "model": "app.membership", "fields": {"price": "89", "cancelled_date": null, "creation_date": "2013-12-06", "member": 2, "exp_date": null, "mem_type": 5, "cancelled": false}}, {"pk": 5, "model": "app.membership", "fields": {"price": "219", "cancelled_date": null, "creation_date": "2013-12-06", "member": 2, "exp_date": null, "mem_type": 8, "cancelled": false}}, {"pk": 6, "model": "app.membership", "fields": {"price": "219", "cancelled_date": null, "creation_date": "2013-12-06", "member": 6, "exp_date": null, "mem_type": 8, "cancelled": false}}, {"pk": 7, "model": "app.membership", "fields": {"price": "199", "cancelled_date": null, "creation_date": "2013-12-06", "member": 1, "exp_date": null, "mem_type": 7, "cancelled": false}}, {"pk": 8, "model": "app.membership", "fields": {"price": "219", "cancelled_date": null, "creation_date": "2013-12-06", "member": 1, "exp_date": null, "mem_type": 8, "cancelled": false}}, {"pk": 9, "model": "app.membership", "fields": {"price": "219", "cancelled_date": null, "creation_date": "2013-12-06", "member": 4, "exp_date": null, "mem_type": 8, "cancelled": false}}, {"pk": 10, "model": "app.membership", "fields": {"price": "109", "cancelled_date": null, "creation_date": "2013-12-06", "member": 3, "exp_date": null, "mem_type": 3, "cancelled": false}}, {"pk": 11, "model": "app.membership", "fields": {"price": "69", "cancelled_date": null, "creation_date": "2013-12-06", "member": 2, "exp_date": null, "mem_type": 9, "cancelled": false}}, {"pk": 12, "model": "app.membership", "fields": {"price": "69", "cancelled_date": null, "creation_date": "2013-12-06", "member": 6, "exp_date": null, "mem_type": 9, "cancelled": false}}, {"pk": 13, "model": "app.membership", "fields": {"price": "200", "cancelled_date": null, "creation_date": "2013-12-06", "member": 3, "exp_date": null, "mem_type": 2, "cancelled": false}}, {"pk": 1, "model": "app.program", "fields": {"name": "Guitar Lessons", "revenue": 148, "payroll": 49, "memberships": [1, 7], "members": [1, 4, 5], "description": "Learn to play the guitar like Jimi Hendrix!"}}, {"pk": 2, "model": "app.program", "fields": {"name": "Bass Lessons", "revenue": 249, "payroll": 49, "memberships": [2, 7], "members": [5], "description": "Play the bass like it's a lead instrument!"}}, {"pk": 3, "model": "app.program", "fields": {"name": "Drum Lessons", "revenue": 138, "payroll": 49, "memberships": [5, 7], "members": [2, 5], "description": "Rock your socks off!"}}, {"pk": 4, "model": "app.program", "fields": {"name": "Voice Lessons", "revenue": 158, "payroll": 49, "memberships": [3, 7], "members": [5], "description": "Sing like you mean it!"}}, {"pk": 5, "model": "app.program", "fields": {"name": "Keyboard Lessons", "revenue": 109, "payroll": 0, "memberships": [4], "members": [3], "description": "Piano never sounded so good!"}}, {"pk": 6, "model": "app.program", "fields": {"name": "Music Technology", "revenue": 438, "payroll": 219, "memberships": [6, 8], "members": [2], "description": "Learn to record, edit and master your own songs!"}}, {"pk": 7, "model": "app.program", "fields": {"name": "Band Practice", "revenue": 138, "payroll": 0, "memberships": [9], "members": [], "description": "Rock out in a group!"}}]